metric,style,detector,contrast,a,b,delta,wins,n,p_two_sided,ci_lo,ci_hi,abs_gt_eps
S_alpha,multicam,SINet-V2,level:k16,k16,,0.8283,,33,,,,
S_alpha,multicam,SINet-V2,level:k5,k5,,0.8333,,33,,,,
S_alpha,multicam,SINet-V2,level:k64,k64,,0.7846,,33,,,,
S_alpha,multicam,SINet-V2,level:k8,k8,,0.8202,,33,,,,
S_alpha,multicam,SINet-V2,level:kfull,kfull,,0.7697,,33,,,,
S_alpha,multicam,SINet-V2,level:nonst_k5,nonst_k5,,0.7081,,33,,,,
S_alpha,multicam,SINet-V2,level:nonst_kfull,nonst_kfull,,0.638,,33,,,,
S_alpha,multicam,SINet-V2,dq_nst-dq_nonst,k5-kfull,nonst_k5-nonst_kfull,-0.0066,21,33,0.2878,-0.027,0.015,
S_alpha,multicam,SINet-V2,k5-kfull,k5,kfull,0.0635,6,33,1.793e-05,0.0388,0.0888,True
S_alpha,multicam,SINet-V2,k8-kfull,k8,kfull,0.0504,5,33,5.629e-06,0.0323,0.0692,True
S_alpha,multicam,SINet-V2,k16-kfull,k16,kfull,0.0585,3,33,4.049e-07,0.041,0.0773,True
S_alpha,multicam,SINet-V2,k64-kfull,k64,kfull,0.0149,11,33,0.02791,0.003,0.0267,False
S_alpha,multicam,SINet-V2,k5-k8,k5,k8,0.0131,11,33,0.06522,0.0003,0.0284,False
S_alpha,multicam,SINet-V2,k5-k16,k5,k16,0.005,14,33,0.6088,-0.0079,0.0202,False
S_alpha,multicam,SINet-V2,k5-k64,k5,k64,0.0487,7,33,4.171e-05,0.0271,0.0719,True
S_alpha,multicam,SINet-V2,nonst_k5-nonst_kfull,nonst_k5,nonst_kfull,0.0701,3,33,6.438e-07,0.0459,0.0956,True
S_alpha,multicam,DGNet,level:k16,k16,,0.813,,33,,,,
S_alpha,multicam,DGNet,level:k5,k5,,0.8136,,33,,,,
S_alpha,multicam,DGNet,level:k64,k64,,0.7756,,33,,,,
S_alpha,multicam,DGNet,level:k8,k8,,0.8037,,33,,,,
S_alpha,multicam,DGNet,level:kfull,kfull,,0.7883,,33,,,,
S_alpha,multicam,DGNet,level:nonst_k5,nonst_k5,,0.7377,,33,,,,
S_alpha,multicam,DGNet,level:nonst_kfull,nonst_kfull,,0.5741,,33,,,,
S_alpha,multicam,DGNet,dq_nst-dq_nonst,k5-kfull,nonst_k5-nonst_kfull,-0.1383,33,33,2.328e-10,-0.1589,-0.117,
S_alpha,multicam,DGNet,k5-kfull,k5,kfull,0.0253,10,33,0.01605,0.0054,0.0453,False
S_alpha,multicam,DGNet,k8-kfull,k8,kfull,0.0154,12,33,0.07673,-0.0048,0.035,False
S_alpha,multicam,DGNet,k16-kfull,k16,kfull,0.0247,10,33,0.004852,0.0055,0.043,False
S_alpha,multicam,DGNet,k64-kfull,k64,kfull,-0.0127,18,33,0.2418,-0.0299,0.0024,False
S_alpha,multicam,DGNet,k5-k8,k5,k8,0.0099,10,33,0.0007033,0.0054,0.0147,False
S_alpha,multicam,DGNet,k5-k16,k5,k16,0.0006,16,33,0.7778,-0.0045,0.0057,False
S_alpha,multicam,DGNet,k5-k64,k5,k64,0.0379,4,33,7.148e-08,0.0279,0.0483,True
S_alpha,multicam,DGNet,nonst_k5-nonst_kfull,nonst_k5,nonst_kfull,0.1636,0,33,2.328e-10,0.1405,0.1866,True
S_alpha,woodland,SINet-V2,level:k16,k16,,0.8364,,33,,,,
S_alpha,woodland,SINet-V2,level:k5,k5,,0.8484,,33,,,,
S_alpha,woodland,SINet-V2,level:k64,k64,,0.7994,,33,,,,
S_alpha,woodland,SINet-V2,level:k8,k8,,0.8368,,33,,,,
S_alpha,woodland,SINet-V2,level:kfull,kfull,,0.7835,,33,,,,
S_alpha,woodland,SINet-V2,level:nonst_k5,nonst_k5,,0.8875,,33,,,,
S_alpha,woodland,SINet-V2,level:nonst_kfull,nonst_kfull,,0.8397,,33,,,,
S_alpha,woodland,SINet-V2,dq_nst-dq_nonst,k5-kfull,nonst_k5-nonst_kfull,0.0172,13,33,0.2346,-0.0021,0.0373,
S_alpha,woodland,SINet-V2,k5-kfull,k5,kfull,0.0649,2,33,2.304e-06,0.0401,0.0911,True
S_alpha,woodland,SINet-V2,k8-kfull,k8,kfull,0.0533,3,33,2.997e-06,0.0358,0.0711,True
S_alpha,woodland,SINet-V2,k16-kfull,k16,kfull,0.0529,4,33,2.63e-06,0.0357,0.0706,True
S_alpha,woodland,SINet-V2,k64-kfull,k64,kfull,0.0158,11,33,0.02928,0.0035,0.0281,False
S_alpha,woodland,SINet-V2,k5-k8,k5,k8,0.0116,12,33,0.1655,-0.0001,0.0258,False
S_alpha,woodland,SINet-V2,k5-k16,k5,k16,0.012,10,33,0.1348,-0.0003,0.0273,False
S_alpha,woodland,SINet-V2,k5-k64,k5,k64,0.049,5,33,3.874e-06,0.029,0.0722,True
S_alpha,woodland,SINet-V2,nonst_k5-nonst_kfull,nonst_k5,nonst_kfull,0.0477,5,33,5.629e-06,0.0285,0.0702,True
S_alpha,woodland,DGNet,level:k16,k16,,0.8235,,33,,,,
S_alpha,woodland,DGNet,level:k5,k5,,0.8288,,33,,,,
S_alpha,woodland,DGNet,level:k64,k64,,0.7957,,33,,,,
S_alpha,woodland,DGNet,level:k8,k8,,0.8142,,33,,,,
S_alpha,woodland,DGNet,level:kfull,kfull,,0.7914,,33,,,,
S_alpha,woodland,DGNet,level:nonst_k5,nonst_k5,,0.8729,,33,,,,
S_alpha,woodland,DGNet,level:nonst_kfull,nonst_kfull,,0.8132,,33,,,,
S_alpha,woodland,DGNet,dq_nst-dq_nonst,k5-kfull,nonst_k5-nonst_kfull,-0.0222,23,33,0.0424,-0.0468,-0.0014,
S_alpha,woodland,DGNet,k5-kfull,k5,kfull,0.0374,8,33,0.0007033,0.0179,0.0568,True
S_alpha,woodland,DGNet,k8-kfull,k8,kfull,0.0228,12,33,0.02791,0.0013,0.0431,False
S_alpha,woodland,DGNet,k16-kfull,k16,kfull,0.0321,10,33,0.001104,0.011,0.0521,True
S_alpha,woodland,DGNet,k64-kfull,k64,kfull,0.0043,14,33,0.3765,-0.0144,0.0214,False
S_alpha,woodland,DGNet,k5-k8,k5,k8,0.0146,7,33,1.283e-05,0.0084,0.0212,False
S_alpha,woodland,DGNet,k5-k16,k5,k16,0.0053,12,33,0.1211,-0.0001,0.0112,False
S_alpha,woodland,DGNet,k5-k64,k5,k64,0.0331,4,33,4.82e-08,0.0237,0.0433,True
S_alpha,woodland,DGNet,nonst_k5-nonst_kfull,nonst_k5,nonst_kfull,0.0597,2,33,2.049e-08,0.0431,0.0775,True
S_alpha,realtree,SINet-V2,level:k16,k16,,0.7974,,33,,,,
S_alpha,realtree,SINet-V2,level:k5,k5,,0.7945,,33,,,,
S_alpha,realtree,SINet-V2,level:k64,k64,,0.7814,,33,,,,
S_alpha,realtree,SINet-V2,level:k8,k8,,0.792,,33,,,,
S_alpha,realtree,SINet-V2,level:kfull,kfull,,0.7899,,33,,,,
S_alpha,realtree,SINet-V2,level:nonst_k5,nonst_k5,,0.7982,,33,,,,
S_alpha,realtree,SINet-V2,level:nonst_kfull,nonst_kfull,,0.7068,,33,,,,
S_alpha,realtree,SINet-V2,dq_nst-dq_nonst,k5-kfull,nonst_k5-nonst_kfull,-0.0868,33,33,2.328e-10,-0.1014,-0.0727,
S_alpha,realtree,SINet-V2,k5-kfull,k5,kfull,0.0045,17,33,0.9158,-0.0201,0.0299,False
S_alpha,realtree,SINet-V2,k8-kfull,k8,kfull,0.0021,16,33,0.8462,-0.0162,0.0203,False
S_alpha,realtree,SINet-V2,k16-kfull,k16,kfull,0.0075,14,33,0.4368,-0.0084,0.0233,False
S_alpha,realtree,SINet-V2,k64-kfull,k64,kfull,-0.0085,20,33,0.1255,-0.018,0.0008,False
S_alpha,realtree,SINet-V2,k5-k8,k5,k8,0.0025,14,33,0.8462,-0.009,0.0146,False
S_alpha,realtree,SINet-V2,k5-k16,k5,k16,-0.0029,18,33,0.4798,-0.0171,0.0121,False
S_alpha,realtree,SINet-V2,k5-k64,k5,k64,0.0131,14,33,0.2798,-0.01,0.037,False
S_alpha,realtree,SINet-V2,nonst_k5-nonst_kfull,nonst_k5,nonst_kfull,0.0914,5,33,2.489e-07,0.065,0.1182,True
S_alpha,realtree,DGNet,level:k16,k16,,0.7991,,33,,,,
S_alpha,realtree,DGNet,level:k5,k5,,0.7968,,33,,,,
S_alpha,realtree,DGNet,level:k64,k64,,0.7701,,33,,,,
S_alpha,realtree,DGNet,level:k8,k8,,0.7978,,33,,,,
S_alpha,realtree,DGNet,level:kfull,kfull,,0.8019,,33,,,,
S_alpha,realtree,DGNet,level:nonst_k5,nonst_k5,,0.7377,,33,,,,
S_alpha,realtree,DGNet,level:nonst_kfull,nonst_kfull,,0.7176,,33,,,,
S_alpha,realtree,DGNet,dq_nst-dq_nonst,k5-kfull,nonst_k5-nonst_kfull,-0.0253,22,33,0.008788,-0.0435,-0.0087,
S_alpha,realtree,DGNet,k5-kfull,k5,kfull,-0.0052,17,33,0.9578,-0.0269,0.0145,False
S_alpha,realtree,DGNet,k8-kfull,k8,kfull,-0.0042,16,33,0.9018,-0.0248,0.0146,False
S_alpha,realtree,DGNet,k16-kfull,k16,kfull,-0.0029,14,33,0.6592,-0.0224,0.0147,False
S_alpha,realtree,DGNet,k64-kfull,k64,kfull,-0.0318,23,33,0.0005145,-0.0497,-0.0159,True
S_alpha,realtree,DGNet,k5-k8,k5,k8,-0.001,18,33,0.7111,-0.0059,0.0038,False
S_alpha,realtree,DGNet,k5-k16,k5,k16,-0.0023,19,33,0.4688,-0.009,0.0045,False
S_alpha,realtree,DGNet,k5-k64,k5,k64,0.0266,5,33,5.629e-06,0.0161,0.0378,False
S_alpha,realtree,DGNet,nonst_k5-nonst_kfull,nonst_k5,nonst_kfull,0.0201,15,33,0.1547,-0.0031,0.0432,False
pred_in_gt,multicam,SINet-V2,level:k16,k16,,0.7728,,33,,,,
pred_in_gt,multicam,SINet-V2,level:k5,k5,,0.757,,33,,,,
pred_in_gt,multicam,SINet-V2,level:k64,k64,,0.7024,,33,,,,
pred_in_gt,multicam,SINet-V2,level:k8,k8,,0.7499,,33,,,,
pred_in_gt,multicam,SINet-V2,level:kfull,kfull,,0.6744,,33,,,,
pred_in_gt,multicam,SINet-V2,level:nonst_k5,nonst_k5,,0.4916,,33,,,,
pred_in_gt,multicam,SINet-V2,level:nonst_kfull,nonst_kfull,,0.3691,,33,,,,
pred_in_gt,multicam,SINet-V2,dq_nst-dq_nonst,k5-kfull,nonst_k5-nonst_kfull,-0.0399,25,33,0.02184,-0.0855,0.0091,
pred_in_gt,multicam,SINet-V2,k5-kfull,k5,kfull,0.0826,9,33,0.009844,0.0291,0.1414,
pred_in_gt,multicam,SINet-V2,k8-kfull,k8,kfull,0.0754,9,33,0.000952,0.0371,0.119,
pred_in_gt,multicam,SINet-V2,k16-kfull,k16,kfull,0.0984,3,33,4.394e-06,0.0597,0.1398,
pred_in_gt,multicam,SINet-V2,k64-kfull,k64,kfull,0.028,12,33,0.05513,0.0033,0.0531,
pred_in_gt,multicam,SINet-V2,k5-k8,k5,k8,0.0072,20,33,0.396,-0.0199,0.0416,
pred_in_gt,multicam,SINet-V2,k5-k16,k5,k16,-0.0158,25,33,0.007832,-0.0424,0.0174,
pred_in_gt,multicam,SINet-V2,k5-k64,k5,k64,0.0546,12,33,0.05513,0.0092,0.1084,
pred_in_gt,multicam,SINet-V2,nonst_k5-nonst_kfull,nonst_k5,nonst_kfull,0.1225,6,33,1.283e-05,0.0745,0.1732,
pred_in_gt,multicam,DGNet,level:k16,k16,,0.7188,,33,,,,
pred_in_gt,multicam,DGNet,level:k5,k5,,0.7121,,33,,,,
pred_in_gt,multicam,DGNet,level:k64,k64,,0.6477,,33,,,,
pred_in_gt,multicam,DGNet,level:k8,k8,,0.6984,,33,,,,
pred_in_gt,multicam,DGNet,level:kfull,kfull,,0.6848,,33,,,,
pred_in_gt,multicam,DGNet,level:nonst_k5,nonst_k5,,0.5509,,33,,,,
pred_in_gt,multicam,DGNet,level:nonst_kfull,nonst_kfull,,0.2365,,33,,,,
pred_in_gt,multicam,DGNet,dq_nst-dq_nonst,k5-kfull,nonst_k5-nonst_kfull,-0.2872,33,33,2.328e-10,-0.3303,-0.2419,
pred_in_gt,multicam,DGNet,k5-kfull,k5,kfull,0.0273,13,33,0.2719,-0.0139,0.0699,
pred_in_gt,multicam,DGNet,k8-kfull,k8,kfull,0.0136,15,33,0.5366,-0.0283,0.055,
pred_in_gt,multicam,DGNet,k16-kfull,k16,kfull,0.034,14,33,0.06522,-0.0055,0.0733,
pred_in_gt,multicam,DGNet,k64-kfull,k64,kfull,-0.0372,21,33,0.02791,-0.0717,-0.0052,
pred_in_gt,multicam,DGNet,k5-k8,k5,k8,0.0137,13,33,0.04054,0.0039,0.024,
pred_in_gt,multicam,DGNet,k5-k16,k5,k16,-0.0067,17,33,0.2565,-0.017,0.0038,
pred_in_gt,multicam,DGNet,k5-k64,k5,k64,0.0645,6,33,6.357e-06,0.0425,0.0867,
pred_in_gt,multicam,DGNet,nonst_k5-nonst_kfull,nonst_k5,nonst_kfull,0.3144,0,33,2.328e-10,0.2695,0.3593,
pred_in_gt,woodland,SINet-V2,level:k16,k16,,0.7904,,33,,,,
pred_in_gt,woodland,SINet-V2,level:k5,k5,,0.7899,,33,,,,
pred_in_gt,woodland,SINet-V2,level:k64,k64,,0.7381,,33,,,,
pred_in_gt,woodland,SINet-V2,level:k8,k8,,0.7884,,33,,,,
pred_in_gt,woodland,SINet-V2,level:kfull,kfull,,0.7057,,33,,,,
pred_in_gt,woodland,SINet-V2,level:nonst_k5,nonst_k5,,0.8532,,33,,,,
pred_in_gt,woodland,SINet-V2,level:nonst_kfull,nonst_kfull,,0.7645,,33,,,,
pred_in_gt,woodland,SINet-V2,dq_nst-dq_nonst,k5-kfull,nonst_k5-nonst_kfull,-0.0045,22,33,0.2798,-0.0433,0.0383,
pred_in_gt,woodland,SINet-V2,k5-kfull,k5,kfull,0.0843,9,33,0.007832,0.0296,0.1444,
pred_in_gt,woodland,SINet-V2,k8-kfull,k8,kfull,0.0827,5,33,7.539e-05,0.0439,0.1242,
pred_in_gt,woodland,SINet-V2,k16-kfull,k16,kfull,0.0848,6,33,4.171e-05,0.047,0.1247,
pred_in_gt,woodland,SINet-V2,k64-kfull,k64,kfull,0.0324,11,33,0.02791,0.0078,0.0587,
pred_in_gt,woodland,SINet-V2,k5-k8,k5,k8,0.0016,23,33,0.1396,-0.025,0.0368,
pred_in_gt,woodland,SINet-V2,k5-k16,k5,k16,-0.0005,25,33,0.05059,-0.0275,0.0364,
pred_in_gt,woodland,SINet-V2,k5-k64,k5,k64,0.0519,12,33,0.1045,0.0073,0.1077,
pred_in_gt,woodland,SINet-V2,nonst_k5-nonst_kfull,nonst_k5,nonst_kfull,0.0887,8,33,6.212e-05,0.0461,0.1382,
pred_in_gt,woodland,DGNet,level:k16,k16,,0.7401,,33,,,,
pred_in_gt,woodland,DGNet,level:k5,k5,,0.7423,,33,,,,
pred_in_gt,woodland,DGNet,level:k64,k64,,0.6899,,33,,,,
pred_in_gt,woodland,DGNet,level:k8,k8,,0.7194,,33,,,,
pred_in_gt,woodland,DGNet,level:kfull,kfull,,0.6895,,33,,,,
pred_in_gt,woodland,DGNet,level:nonst_k5,nonst_k5,,0.8041,,33,,,,
pred_in_gt,woodland,DGNet,level:nonst_kfull,nonst_kfull,,0.7108,,33,,,,
pred_in_gt,woodland,DGNet,dq_nst-dq_nonst,k5-kfull,nonst_k5-nonst_kfull,-0.0405,22,33,0.1045,-0.0895,0.0015,
pred_in_gt,woodland,DGNet,k5-kfull,k5,kfull,0.0528,12,33,0.03874,0.0121,0.0945,
pred_in_gt,woodland,DGNet,k8-kfull,k8,kfull,0.0299,14,33,0.1495,-0.015,0.0724,
pred_in_gt,woodland,DGNet,k16-kfull,k16,kfull,0.0506,12,33,0.03374,0.0076,0.0931,
pred_in_gt,woodland,DGNet,k64-kfull,k64,kfull,0.0004,16,33,0.7778,-0.0391,0.0363,
pred_in_gt,woodland,DGNet,k5-k8,k5,k8,0.0229,11,33,0.005484,0.01,0.037,
pred_in_gt,woodland,DGNet,k5-k16,k5,k16,0.0022,20,33,0.9859,-0.0089,0.0142,
pred_in_gt,woodland,DGNet,k5-k64,k5,k64,0.0524,6,33,2e-05,0.0322,0.0742,
pred_in_gt,woodland,DGNet,nonst_k5-nonst_kfull,nonst_k5,nonst_kfull,0.0933,7,33,4.977e-06,0.0598,0.129,
pred_in_gt,realtree,SINet-V2,level:k16,k16,,0.7089,,33,,,,
pred_in_gt,realtree,SINet-V2,level:k5,k5,,0.6824,,33,,,,
pred_in_gt,realtree,SINet-V2,level:k64,k64,,0.69,,33,,,,
pred_in_gt,realtree,SINet-V2,level:k8,k8,,0.6903,,33,,,,
pred_in_gt,realtree,SINet-V2,level:kfull,kfull,,0.704,,33,,,,
pred_in_gt,realtree,SINet-V2,level:nonst_k5,nonst_k5,,0.6694,,33,,,,
pred_in_gt,realtree,SINet-V2,level:nonst_kfull,nonst_kfull,,0.5032,,33,,,,
pred_in_gt,realtree,SINet-V2,dq_nst-dq_nonst,k5-kfull,nonst_k5-nonst_kfull,-0.1877,33,33,2.328e-10,-0.22,-0.1561,
pred_in_gt,realtree,SINet-V2,k5-kfull,k5,kfull,-0.0215,20,33,0.3215,-0.0713,0.031,
pred_in_gt,realtree,SINet-V2,k8-kfull,k8,kfull,-0.0137,20,33,0.3128,-0.0497,0.0227,
pred_in_gt,realtree,SINet-V2,k16-kfull,k16,kfull,0.0049,17,33,0.9719,-0.027,0.0377,
pred_in_gt,realtree,SINet-V2,k64-kfull,k64,kfull,-0.014,19,33,0.1827,-0.0331,0.0052,
pred_in_gt,realtree,SINet-V2,k5-k8,k5,k8,-0.0078,20,33,0.2641,-0.0313,0.0171,
pred_in_gt,realtree,SINet-V2,k5-k16,k5,k16,-0.0265,25,33,0.02077,-0.0547,0.0041,
pred_in_gt,realtree,SINet-V2,k5-k64,k5,k64,-0.0075,16,33,0.5843,-0.0543,0.0431,
pred_in_gt,realtree,SINet-V2,nonst_k5-nonst_kfull,nonst_k5,nonst_kfull,0.1662,6,33,2.304e-06,0.1112,0.2235,
pred_in_gt,realtree,DGNet,level:k16,k16,,0.6838,,33,,,,
pred_in_gt,realtree,DGNet,level:k5,k5,,0.6726,,33,,,,
pred_in_gt,realtree,DGNet,level:k64,k64,,0.6248,,33,,,,
pred_in_gt,realtree,DGNet,level:k8,k8,,0.6789,,33,,,,
pred_in_gt,realtree,DGNet,level:kfull,kfull,,0.7006,,33,,,,
pred_in_gt,realtree,DGNet,level:nonst_k5,nonst_k5,,0.5432,,33,,,,
pred_in_gt,realtree,DGNet,level:nonst_kfull,nonst_kfull,,0.5208,,33,,,,
pred_in_gt,realtree,DGNet,dq_nst-dq_nonst,k5-kfull,nonst_k5-nonst_kfull,-0.0504,23,33,0.006188,-0.0861,-0.0177,
pred_in_gt,realtree,DGNet,k5-kfull,k5,kfull,-0.028,19,33,0.4264,-0.0731,0.0144,
pred_in_gt,realtree,DGNet,k8-kfull,k8,kfull,-0.0217,16,33,0.6592,-0.0638,0.0174,
pred_in_gt,realtree,DGNet,k16-kfull,k16,kfull,-0.0168,14,33,0.8325,-0.0585,0.0199,
pred_in_gt,realtree,DGNet,k64-kfull,k64,kfull,-0.0759,26,33,5.631e-05,-0.1121,-0.0439,
pred_in_gt,realtree,DGNet,k5-k8,k5,k8,-0.0063,18,33,0.296,-0.0164,0.0034,
pred_in_gt,realtree,DGNet,k5-k16,k5,k16,-0.0112,20,33,0.1126,-0.0249,0.0026,
pred_in_gt,realtree,DGNet,k5-k64,k5,k64,0.0479,4,33,5.099e-05,0.0249,0.0717,
pred_in_gt,realtree,DGNet,nonst_k5-nonst_kfull,nonst_k5,nonst_kfull,0.0224,15,33,0.3862,-0.0262,0.0698,
Fw_beta,multicam,SINet-V2,level:k16,k16,,0.6489,,33,,,,
Fw_beta,multicam,SINet-V2,level:k5,k5,,0.6609,,33,,,,
Fw_beta,multicam,SINet-V2,level:k64,k64,,0.566,,33,,,,
Fw_beta,multicam,SINet-V2,level:k8,k8,,0.635,,33,,,,
Fw_beta,multicam,SINet-V2,level:kfull,kfull,,0.5392,,33,,,,
Fw_beta,multicam,SINet-V2,level:nonst_k5,nonst_k5,,0.4392,,33,,,,
Fw_beta,multicam,SINet-V2,level:nonst_kfull,nonst_kfull,,0.311,,33,,,,
Fw_beta,multicam,SINet-V2,dq_nst-dq_nonst,k5-kfull,nonst_k5-nonst_kfull,-0.0066,19,33,0.458,-0.0396,0.0289,
Fw_beta,multicam,SINet-V2,k5-kfull,k5,kfull,0.1217,5,33,2.304e-06,0.0791,0.1667,
Fw_beta,multicam,SINet-V2,k8-kfull,k8,kfull,0.0958,5,33,1.759e-06,0.0643,0.1294,
Fw_beta,multicam,SINet-V2,k16-kfull,k16,kfull,0.1097,3,33,1.774e-07,0.0784,0.1418,
Fw_beta,multicam,SINet-V2,k64-kfull,k64,kfull,0.0268,11,33,0.02412,0.0049,0.0477,
Fw_beta,multicam,SINet-V2,k5-k8,k5,k8,0.0259,10,33,0.03701,0.0043,0.0514,
Fw_beta,multicam,SINet-V2,k5-k16,k5,k16,0.012,12,33,0.4909,-0.01,0.0383,
Fw_beta,multicam,SINet-V2,k5-k64,k5,k64,0.0949,6,33,1.02e-05,0.0578,0.1365,
Fw_beta,multicam,SINet-V2,nonst_k5-nonst_kfull,nonst_k5,nonst_kfull,0.1283,4,33,1.248e-07,0.0874,0.1718,
Fw_beta,multicam,DGNet,level:k16,k16,,0.6294,,33,,,,
Fw_beta,multicam,DGNet,level:k5,k5,,0.635,,33,,,,
Fw_beta,multicam,DGNet,level:k64,k64,,0.5648,,33,,,,
Fw_beta,multicam,DGNet,level:k8,k8,,0.6147,,33,,,,
Fw_beta,multicam,DGNet,level:kfull,kfull,,0.5862,,33,,,,
Fw_beta,multicam,DGNet,level:nonst_k5,nonst_k5,,0.5036,,33,,,,
Fw_beta,multicam,DGNet,level:nonst_kfull,nonst_kfull,,0.2068,,33,,,,
Fw_beta,multicam,DGNet,dq_nst-dq_nonst,k5-kfull,nonst_k5-nonst_kfull,-0.2481,33,33,2.328e-10,-0.2824,-0.2131,
Fw_beta,multicam,DGNet,k5-kfull,k5,kfull,0.0487,9,33,0.004561,0.0144,0.082,
Fw_beta,multicam,DGNet,k8-kfull,k8,kfull,0.0285,12,33,0.03701,-0.007,0.0622,
Fw_beta,multicam,DGNet,k16-kfull,k16,kfull,0.0432,10,33,0.004023,0.0104,0.0745,
Fw_beta,multicam,DGNet,k64-kfull,k64,kfull,-0.0214,18,33,0.2141,-0.0517,0.0053,
Fw_beta,multicam,DGNet,k5-k8,k5,k8,0.0203,8,33,5.099e-05,0.0122,0.0287,
Fw_beta,multicam,DGNet,k5-k16,k5,k16,0.0056,15,33,0.2878,-0.0031,0.0143,
Fw_beta,multicam,DGNet,k5-k64,k5,k64,0.0702,2,33,1.001e-08,0.0528,0.0876,
Fw_beta,multicam,DGNet,nonst_k5-nonst_kfull,nonst_k5,nonst_kfull,0.2968,0,33,2.328e-10,0.2562,0.338,
Fw_beta,woodland,SINet-V2,level:k16,k16,,0.6634,,33,,,,
Fw_beta,woodland,SINet-V2,level:k5,k5,,0.6885,,33,,,,
Fw_beta,woodland,SINet-V2,level:k64,k64,,0.5914,,33,,,,
Fw_beta,woodland,SINet-V2,level:k8,k8,,0.6639,,33,,,,
Fw_beta,woodland,SINet-V2,level:kfull,kfull,,0.5635,,33,,,,
Fw_beta,woodland,SINet-V2,level:nonst_k5,nonst_k5,,0.7619,,33,,,,
Fw_beta,woodland,SINet-V2,level:nonst_kfull,nonst_kfull,,0.6747,,33,,,,
Fw_beta,woodland,SINet-V2,dq_nst-dq_nonst,k5-kfull,nonst_k5-nonst_kfull,0.0378,13,33,0.1255,0.0035,0.0738,
Fw_beta,woodland,SINet-V2,k5-kfull,k5,kfull,0.125,2,33,8.671e-07,0.0834,0.1682,
Fw_beta,woodland,SINet-V2,k8-kfull,k8,kfull,0.1004,3,33,2.936e-07,0.0699,0.131,
Fw_beta,woodland,SINet-V2,k16-kfull,k16,kfull,0.0999,3,33,4.738e-07,0.0704,0.1299,
Fw_beta,woodland,SINet-V2,k64-kfull,k64,kfull,0.0279,12,33,0.02791,0.0066,0.0488,
Fw_beta,woodland,SINet-V2,k5-k8,k5,k8,0.0246,12,33,0.04054,0.0038,0.0501,
Fw_beta,woodland,SINet-V2,k5-k16,k5,k16,0.0251,10,33,0.04843,0.0035,0.0519,
Fw_beta,woodland,SINet-V2,k5-k64,k5,k64,0.0971,5,33,1.333e-06,0.0609,0.138,
Fw_beta,woodland,SINet-V2,nonst_k5-nonst_kfull,nonst_k5,nonst_kfull,0.0872,4,33,1.003e-06,0.0542,0.124,
Fw_beta,woodland,DGNet,level:k16,k16,,0.6465,,33,,,,
Fw_beta,woodland,DGNet,level:k5,k5,,0.6597,,33,,,,
Fw_beta,woodland,DGNet,level:k64,k64,,0.595,,33,,,,
Fw_beta,woodland,DGNet,level:k8,k8,,0.6316,,33,,,,
Fw_beta,woodland,DGNet,level:kfull,kfull,,0.5915,,33,,,,
Fw_beta,woodland,DGNet,level:nonst_k5,nonst_k5,,0.7375,,33,,,,
Fw_beta,woodland,DGNet,level:nonst_kfull,nonst_kfull,,0.6304,,33,,,,
Fw_beta,woodland,DGNet,dq_nst-dq_nonst,k5-kfull,nonst_k5-nonst_kfull,-0.0389,24,33,0.0322,-0.0819,-0.0035,
Fw_beta,woodland,DGNet,k5-kfull,k5,kfull,0.0682,8,33,0.000343,0.035,0.1003,
Fw_beta,woodland,DGNet,k8-kfull,k8,kfull,0.0401,11,33,0.02077,0.0026,0.0743,
Fw_beta,woodland,DGNet,k16-kfull,k16,kfull,0.055,10,33,0.000952,0.0187,0.0887,
Fw_beta,woodland,DGNet,k64-kfull,k64,kfull,0.0035,16,33,0.5843,-0.0299,0.0324,
Fw_beta,woodland,DGNet,k5-k8,k5,k8,0.0281,5,33,2.015e-06,0.0173,0.0403,
Fw_beta,woodland,DGNet,k5-k16,k5,k16,0.0132,11,33,0.02412,0.0037,0.024,
Fw_beta,woodland,DGNet,k5-k64,k5,k64,0.0647,2,33,2.328e-09,0.0481,0.0822,
Fw_beta,woodland,DGNet,nonst_k5-nonst_kfull,nonst_k5,nonst_kfull,0.1071,2,33,4.424e-09,0.0786,0.1387,
Fw_beta,realtree,SINet-V2,level:k16,k16,,0.5923,,33,,,,
Fw_beta,realtree,SINet-V2,level:k5,k5,,0.5911,,33,,,,
Fw_beta,realtree,SINet-V2,level:k64,k64,,0.5609,,33,,,,
Fw_beta,realtree,SINet-V2,level:k8,k8,,0.5839,,33,,,,
Fw_beta,realtree,SINet-V2,level:kfull,kfull,,0.5754,,33,,,,
Fw_beta,realtree,SINet-V2,level:nonst_k5,nonst_k5,,0.5999,,33,,,,
Fw_beta,realtree,SINet-V2,level:nonst_kfull,nonst_kfull,,0.4299,,33,,,,
Fw_beta,realtree,SINet-V2,dq_nst-dq_nonst,k5-kfull,nonst_k5-nonst_kfull,-0.1542,33,33,2.328e-10,-0.1779,-0.1303,
Fw_beta,realtree,SINet-V2,k5-kfull,k5,kfull,0.0158,16,33,0.6464,-0.0275,0.0614,
Fw_beta,realtree,SINet-V2,k8-kfull,k8,kfull,0.0085,16,33,0.7243,-0.0234,0.0403,
Fw_beta,realtree,SINet-V2,k16-kfull,k16,kfull,0.0169,14,33,0.2491,-0.0103,0.0446,
Fw_beta,realtree,SINet-V2,k64-kfull,k64,kfull,-0.0145,20,33,0.1495,-0.0322,0.0026,
Fw_beta,realtree,SINet-V2,k5-k8,k5,k8,0.0072,13,33,0.6592,-0.0124,0.029,
Fw_beta,realtree,SINet-V2,k5-k16,k5,k16,-0.0011,17,33,0.672,-0.0263,0.0262,
Fw_beta,realtree,SINet-V2,k5-k64,k5,k64,0.0303,13,33,0.1495,-0.01,0.072,
Fw_beta,realtree,SINet-V2,nonst_k5-nonst_kfull,nonst_k5,nonst_kfull,0.17,3,33,8.638e-08,0.124,0.2169,
Fw_beta,realtree,DGNet,level:k16,k16,,0.6069,,33,,,,
Fw_beta,realtree,DGNet,level:k5,k5,,0.6057,,33,,,,
Fw_beta,realtree,DGNet,level:k64,k64,,0.5549,,33,,,,
Fw_beta,realtree,DGNet,level:k8,k8,,0.6046,,33,,,,
Fw_beta,realtree,DGNet,level:kfull,kfull,,0.6109,,33,,,,
Fw_beta,realtree,DGNet,level:nonst_k5,nonst_k5,,0.5018,,33,,,,
Fw_beta,realtree,DGNet,level:nonst_kfull,nonst_kfull,,0.4652,,33,,,,
Fw_beta,realtree,DGNet,dq_nst-dq_nonst,k5-kfull,nonst_k5-nonst_kfull,-0.0417,24,33,0.01229,-0.073,-0.0138,
Fw_beta,realtree,DGNet,k5-kfull,k5,kfull,-0.0052,16,33,0.8187,-0.0426,0.0291,
Fw_beta,realtree,DGNet,k8-kfull,k8,kfull,-0.0063,15,33,0.7914,-0.0419,0.0256,
Fw_beta,realtree,DGNet,k16-kfull,k16,kfull,-0.004,15,33,0.6338,-0.0384,0.0261,
Fw_beta,realtree,DGNet,k64-kfull,k64,kfull,-0.0559,23,33,0.0005145,-0.0872,-0.0289,
Fw_beta,realtree,DGNet,k5-k8,k5,k8,0.0011,18,33,0.7509,-0.0071,0.0091,
Fw_beta,realtree,DGNet,k5-k16,k5,k16,-0.0012,18,33,0.8462,-0.0127,0.0104,
Fw_beta,realtree,DGNet,k5-k64,k5,k64,0.0508,4,33,8.671e-07,0.0325,0.0697,
Fw_beta,realtree,DGNet,nonst_k5-nonst_kfull,nonst_k5,nonst_kfull,0.0366,13,33,0.08306,-0.0022,0.0765,
E_phi,multicam,SINet-V2,level:k16,k16,,0.9078,,33,,,,
E_phi,multicam,SINet-V2,level:k5,k5,,0.9213,,33,,,,
E_phi,multicam,SINet-V2,level:k64,k64,,0.8796,,33,,,,
E_phi,multicam,SINet-V2,level:k8,k8,,0.9082,,33,,,,
E_phi,multicam,SINet-V2,level:kfull,kfull,,0.8712,,33,,,,
E_phi,multicam,SINet-V2,level:nonst_k5,nonst_k5,,0.889,,33,,,,
E_phi,multicam,SINet-V2,level:nonst_kfull,nonst_kfull,,0.8432,,33,,,,
E_phi,multicam,SINet-V2,dq_nst-dq_nonst,k5-kfull,nonst_k5-nonst_kfull,0.0044,13,33,0.3483,-0.0104,0.018,
E_phi,multicam,SINet-V2,k5-kfull,k5,kfull,0.0501,5,33,1.248e-07,0.0356,0.0655,
E_phi,multicam,SINet-V2,k8-kfull,k8,kfull,0.0369,5,33,2.489e-07,0.0252,0.05,
E_phi,multicam,SINet-V2,k16-kfull,k16,kfull,0.0366,4,33,3.453e-07,0.025,0.0492,
E_phi,multicam,SINet-V2,k64-kfull,k64,kfull,0.0084,12,33,0.06001,0.0003,0.0171,
E_phi,multicam,SINet-V2,k5-k8,k5,k8,0.0132,6,33,1.333e-06,0.0088,0.0176,
E_phi,multicam,SINet-V2,k5-k16,k5,k16,0.0135,6,33,2e-05,0.0084,0.0191,
E_phi,multicam,SINet-V2,k5-k64,k5,k64,0.0418,4,33,4.82e-08,0.0306,0.0531,
E_phi,multicam,SINet-V2,nonst_k5-nonst_kfull,nonst_k5,nonst_kfull,0.0458,2,33,3.453e-07,0.0304,0.0626,
E_phi,multicam,DGNet,level:k16,k16,,0.9069,,33,,,,
E_phi,multicam,DGNet,level:k5,k5,,0.912,,33,,,,
E_phi,multicam,DGNet,level:k64,k64,,0.8921,,33,,,,
E_phi,multicam,DGNet,level:k8,k8,,0.9019,,33,,,,
E_phi,multicam,DGNet,level:kfull,kfull,,0.8907,,33,,,,
E_phi,multicam,DGNet,level:nonst_k5,nonst_k5,,0.8766,,33,,,,
E_phi,multicam,DGNet,level:nonst_kfull,nonst_kfull,,0.7748,,33,,,,
E_phi,multicam,DGNet,dq_nst-dq_nonst,k5-kfull,nonst_k5-nonst_kfull,-0.0805,32,33,4.657e-10,-0.0975,-0.0644,
E_phi,multicam,DGNet,k5-kfull,k5,kfull,0.0213,4,33,6.847e-05,0.0101,0.0324,
E_phi,multicam,DGNet,k8-kfull,k8,kfull,0.0111,6,33,0.002086,-0.0021,0.023,
E_phi,multicam,DGNet,k16-kfull,k16,kfull,0.0161,5,33,0.0001099,0.0038,0.0274,
E_phi,multicam,DGNet,k64-kfull,k64,kfull,0.0014,17,33,0.525,-0.0095,0.0105,
E_phi,multicam,DGNet,k5-k8,k5,k8,0.0102,4,33,2.997e-06,0.0061,0.0151,
E_phi,multicam,DGNet,k5-k16,k5,k16,0.0052,6,33,0.006188,0.0006,0.0095,
E_phi,multicam,DGNet,k5-k64,k5,k64,0.0199,2,33,5.891e-08,0.0142,0.0257,
E_phi,multicam,DGNet,nonst_k5-nonst_kfull,nonst_k5,nonst_kfull,0.1018,1,33,1.164e-09,0.0829,0.1204,
E_phi,woodland,SINet-V2,level:k16,k16,,0.9092,,33,,,,
E_phi,woodland,SINet-V2,level:k5,k5,,0.9243,,33,,,,
E_phi,woodland,SINet-V2,level:k64,k64,,0.8833,,33,,,,
E_phi,woodland,SINet-V2,level:k8,k8,,0.9096,,33,,,,
E_phi,woodland,SINet-V2,level:kfull,kfull,,0.8763,,33,,,,
E_phi,woodland,SINet-V2,level:nonst_k5,nonst_k5,,0.9489,,33,,,,
E_phi,woodland,SINet-V2,level:nonst_kfull,nonst_kfull,,0.9292,,33,,,,
E_phi,woodland,SINet-V2,dq_nst-dq_nonst,k5-kfull,nonst_k5-nonst_kfull,0.0284,7,33,6.847e-05,0.0162,0.0412,
E_phi,woodland,SINet-V2,k5-kfull,k5,kfull,0.048,1,33,1.281e-08,0.0347,0.0616,
E_phi,woodland,SINet-V2,k8-kfull,k8,kfull,0.0333,7,33,7.169e-06,0.0215,0.0457,
E_phi,woodland,SINet-V2,k16-kfull,k16,kfull,0.0329,6,33,4.394e-06,0.0215,0.0451,
E_phi,woodland,SINet-V2,k64-kfull,k64,kfull,0.0069,14,33,0.2075,-0.0016,0.0161,
E_phi,woodland,SINet-V2,k5-k8,k5,k8,0.0147,5,33,6.438e-07,0.0102,0.0192,
E_phi,woodland,SINet-V2,k5-k16,k5,k16,0.0151,4,33,6.438e-07,0.0105,0.02,
E_phi,woodland,SINet-V2,k5-k64,k5,k64,0.041,3,33,3.935e-08,0.0298,0.0528,
E_phi,woodland,SINet-V2,nonst_k5-nonst_kfull,nonst_k5,nonst_kfull,0.0196,6,33,5.53e-07,0.0114,0.0301,
E_phi,woodland,DGNet,level:k16,k16,,0.9087,,33,,,,
E_phi,woodland,DGNet,level:k5,k5,,0.9165,,33,,,,
E_phi,woodland,DGNet,level:k64,k64,,0.8934,,33,,,,
E_phi,woodland,DGNet,level:k8,k8,,0.9058,,33,,,,
E_phi,woodland,DGNet,level:kfull,kfull,,0.8958,,33,,,,
E_phi,woodland,DGNet,level:nonst_k5,nonst_k5,,0.9392,,33,,,,
E_phi,woodland,DGNet,level:nonst_kfull,nonst_kfull,,0.9092,,33,,,,
E_phi,woodland,DGNet,dq_nst-dq_nonst,k5-kfull,nonst_k5-nonst_kfull,-0.0092,15,33,0.8601,-0.0276,0.0044,
E_phi,woodland,DGNet,k5-kfull,k5,kfull,0.0207,7,33,0.0006023,0.0086,0.0326,
E_phi,woodland,DGNet,k8-kfull,k8,kfull,0.01,13,33,0.03701,-0.0054,0.0234,
E_phi,woodland,DGNet,k16-kfull,k16,kfull,0.0129,10,33,0.00516,-0.0008,0.0254,
E_phi,woodland,DGNet,k64-kfull,k64,kfull,-0.0024,17,33,0.7111,-0.0176,0.0091,
E_phi,woodland,DGNet,k5-k8,k5,k8,0.0107,3,33,1.333e-06,0.0058,0.0164,
E_phi,woodland,DGNet,k5-k16,k5,k16,0.0078,6,33,8.295e-05,0.004,0.0119,
E_phi,woodland,DGNet,k5-k64,k5,k64,0.0231,2,33,2.328e-09,0.0167,0.0306,
E_phi,woodland,DGNet,nonst_k5-nonst_kfull,nonst_k5,nonst_kfull,0.0299,4,33,5.629e-06,0.0169,0.0442,
E_phi,realtree,SINet-V2,level:k16,k16,,0.8963,,33,,,,
E_phi,realtree,SINet-V2,level:k5,k5,,0.9077,,33,,,,
E_phi,realtree,SINet-V2,level:k64,k64,,0.8815,,33,,,,
E_phi,realtree,SINet-V2,level:k8,k8,,0.8989,,33,,,,
E_phi,realtree,SINet-V2,level:kfull,kfull,,0.8841,,33,,,,
E_phi,realtree,SINet-V2,level:nonst_k5,nonst_k5,,0.9189,,33,,,,
E_phi,realtree,SINet-V2,level:nonst_kfull,nonst_kfull,,0.8709,,33,,,,
E_phi,realtree,SINet-V2,dq_nst-dq_nonst,k5-kfull,nonst_k5-nonst_kfull,-0.0245,29,33,7.169e-06,-0.0349,-0.0149,
E_phi,realtree,SINet-V2,k5-kfull,k5,kfull,0.0236,9,33,0.002389,0.0108,0.0371,
E_phi,realtree,SINet-V2,k8-kfull,k8,kfull,0.0148,14,33,0.02791,0.004,0.0266,
E_phi,realtree,SINet-V2,k16-kfull,k16,kfull,0.0122,12,33,0.04434,0.0026,0.0232,
E_phi,realtree,SINet-V2,k64-kfull,k64,kfull,-0.0026,19,33,0.2491,-0.0095,0.005,
E_phi,realtree,SINet-V2,k5-k8,k5,k8,0.0088,8,33,0.0007033,0.0044,0.0133,
E_phi,realtree,SINet-V2,k5-k16,k5,k16,0.0114,7,33,0.0006023,0.0053,0.0178,
E_phi,realtree,SINet-V2,k5-k64,k5,k64,0.0262,7,33,9.119e-05,0.0151,0.0376,
E_phi,realtree,SINet-V2,nonst_k5-nonst_kfull,nonst_k5,nonst_kfull,0.0481,5,33,2.936e-07,0.0329,0.066,
E_phi,realtree,DGNet,level:k16,k16,,0.8991,,33,,,,
E_phi,realtree,DGNet,level:k5,k5,,0.9015,,33,,,,
E_phi,realtree,DGNet,level:k64,k64,,0.8873,,33,,,,
E_phi,realtree,DGNet,level:k8,k8,,0.8975,,33,,,,
E_phi,realtree,DGNet,level:kfull,kfull,,0.9015,,33,,,,
E_phi,realtree,DGNet,level:nonst_k5,nonst_k5,,0.885,,33,,,,
E_phi,realtree,DGNet,level:nonst_kfull,nonst_kfull,,0.8645,,33,,,,
E_phi,realtree,DGNet,dq_nst-dq_nonst,k5-kfull,nonst_k5-nonst_kfull,-0.0205,23,33,0.004852,-0.0321,-0.0098,
E_phi,realtree,DGNet,k5-kfull,k5,kfull,-0.0,16,33,0.8462,-0.0104,0.0099,
E_phi,realtree,DGNet,k8-kfull,k8,kfull,-0.004,18,33,0.698,-0.0149,0.0058,
E_phi,realtree,DGNet,k16-kfull,k16,kfull,-0.0024,16,33,0.8879,-0.0121,0.0065,
E_phi,realtree,DGNet,k64-kfull,k64,kfull,-0.0142,23,33,0.01229,-0.0255,-0.005,
E_phi,realtree,DGNet,k5-k8,k5,k8,0.0039,6,33,0.002554,0.001,0.0068,
E_phi,realtree,DGNet,k5-k16,k5,k16,0.0024,9,33,0.09695,-0.0016,0.0061,
E_phi,realtree,DGNet,k5-k64,k5,k64,0.0142,5,33,1.283e-05,0.0089,0.0196,
E_phi,realtree,DGNet,nonst_k5-nonst_kfull,nonst_k5,nonst_kfull,0.0205,9,33,0.0007033,0.0108,0.0305,
MAE,multicam,SINet-V2,level:k16,k16,,0.018,,33,,,,
MAE,multicam,SINet-V2,level:k5,k5,,0.0166,,33,,,,
MAE,multicam,SINet-V2,level:k64,k64,,0.0227,,33,,,,
MAE,multicam,SINet-V2,level:k8,k8,,0.0185,,33,,,,
MAE,multicam,SINet-V2,level:kfull,kfull,,0.0247,,33,,,,
MAE,multicam,SINet-V2,level:nonst_k5,nonst_k5,,0.0275,,33,,,,
MAE,multicam,SINet-V2,level:nonst_kfull,nonst_kfull,,0.035,,33,,,,
MAE,multicam,SINet-V2,dq_nst-dq_nonst,k5-kfull,nonst_k5-nonst_kfull,-0.0005,18,33,0.6464,-0.0025,0.0015,
MAE,multicam,SINet-V2,k5-kfull,k5,kfull,-0.008,29,33,1.041e-07,-0.0106,-0.0056,
MAE,multicam,SINet-V2,k8-kfull,k8,kfull,-0.0062,27,33,4.738e-07,-0.0082,-0.0043,
MAE,multicam,SINet-V2,k16-kfull,k16,kfull,-0.0066,31,33,1.63e-08,-0.0086,-0.0048,
MAE,multicam,SINet-V2,k64-kfull,k64,kfull,-0.0019,23,33,0.005827,-0.0032,-0.0007,
MAE,multicam,SINet-V2,k5-k8,k5,k8,-0.0019,25,33,0.001025,-0.003,-0.0009,
MAE,multicam,SINet-V2,k5-k16,k5,k16,-0.0014,22,33,0.04434,-0.0027,-0.0003,
MAE,multicam,SINet-V2,k5-k64,k5,k64,-0.0061,29,33,1.333e-06,-0.0083,-0.0041,
MAE,multicam,SINet-V2,nonst_k5-nonst_kfull,nonst_k5,nonst_kfull,-0.0075,31,33,3.26e-09,-0.0103,-0.0052,
MAE,multicam,DGNet,level:k16,k16,,0.02,,33,,,,
MAE,multicam,DGNet,level:k5,k5,,0.0196,,33,,,,
MAE,multicam,DGNet,level:k64,k64,,0.0234,,33,,,,
MAE,multicam,DGNet,level:k8,k8,,0.0208,,33,,,,
MAE,multicam,DGNet,level:kfull,kfull,,0.0222,,33,,,,
MAE,multicam,DGNet,level:nonst_k5,nonst_k5,,0.0261,,33,,,,
MAE,multicam,DGNet,level:nonst_kfull,nonst_kfull,,0.0404,,33,,,,
MAE,multicam,DGNet,dq_nst-dq_nonst,k5-kfull,nonst_k5-nonst_kfull,0.0118,0,33,2.328e-10,0.0093,0.0143,
MAE,multicam,DGNet,k5-kfull,k5,kfull,-0.0025,24,33,0.003776,-0.0042,-0.0009,
MAE,multicam,DGNet,k8-kfull,k8,kfull,-0.0014,22,33,0.05753,-0.003,0.0001,
MAE,multicam,DGNet,k16-kfull,k16,kfull,-0.0022,24,33,0.003113,-0.0036,-0.0007,
MAE,multicam,DGNet,k64-kfull,k64,kfull,0.0012,14,33,0.09332,0.0,0.0024,
MAE,multicam,DGNet,k5-k8,k5,k8,-0.0011,27,33,1.02e-05,-0.0015,-0.0007,
MAE,multicam,DGNet,k5-k16,k5,k16,-0.0004,20,33,0.1547,-0.0008,0.0001,
MAE,multicam,DGNet,k5-k64,k5,k64,-0.0037,30,33,7.683e-09,-0.0046,-0.0028,
MAE,multicam,DGNet,nonst_k5-nonst_kfull,nonst_k5,nonst_kfull,-0.0143,33,33,2.328e-10,-0.0169,-0.0118,
MAE,woodland,SINet-V2,level:k16,k16,,0.0174,,33,,,,
MAE,woodland,SINet-V2,level:k5,k5,,0.0155,,33,,,,
MAE,woodland,SINet-V2,level:k64,k64,,0.0218,,33,,,,
MAE,woodland,SINet-V2,level:k8,k8,,0.0174,,33,,,,
MAE,woodland,SINet-V2,level:kfull,kfull,,0.0237,,33,,,,
MAE,woodland,SINet-V2,level:nonst_k5,nonst_k5,,0.0125,,33,,,,
MAE,woodland,SINet-V2,level:nonst_kfull,nonst_kfull,,0.0178,,33,,,,
MAE,woodland,SINet-V2,dq_nst-dq_nonst,k5-kfull,nonst_k5-nonst_kfull,-0.0029,21,33,0.01523,-0.0049,-0.001,
MAE,woodland,SINet-V2,k5-kfull,k5,kfull,-0.0082,31,33,2.561e-08,-0.0106,-0.006,
MAE,woodland,SINet-V2,k8-kfull,k8,kfull,-0.0063,28,33,2.936e-07,-0.0082,-0.0045,
MAE,woodland,SINet-V2,k16-kfull,k16,kfull,-0.0063,28,33,1.041e-07,-0.0082,-0.0045,
MAE,woodland,SINet-V2,k64-kfull,k64,kfull,-0.0019,22,33,0.005484,-0.0032,-0.0006,
MAE,woodland,SINet-V2,k5-k8,k5,k8,-0.0019,24,33,0.0006023,-0.0032,-0.0009,
MAE,woodland,SINet-V2,k5-k16,k5,k16,-0.0019,25,33,0.0006023,-0.0033,-0.0009,
MAE,woodland,SINet-V2,k5-k64,k5,k64,-0.0063,30,33,1.774e-07,-0.0085,-0.0044,
MAE,woodland,SINet-V2,nonst_k5-nonst_kfull,nonst_k5,nonst_kfull,-0.0054,31,33,1.63e-08,-0.0073,-0.0037,
MAE,woodland,DGNet,level:k16,k16,,0.0191,,33,,,,
MAE,woodland,DGNet,level:k5,k5,,0.0183,,33,,,,
MAE,woodland,DGNet,level:k64,k64,,0.022,,33,,,,
MAE,woodland,DGNet,level:k8,k8,,0.0198,,33,,,,
MAE,woodland,DGNet,level:kfull,kfull,,0.0222,,33,,,,
MAE,woodland,DGNet,level:nonst_k5,nonst_k5,,0.014,,33,,,,
MAE,woodland,DGNet,level:nonst_kfull,nonst_kfull,,0.0194,,33,,,,
MAE,woodland,DGNet,dq_nst-dq_nonst,k5-kfull,nonst_k5-nonst_kfull,0.0015,12,33,0.06522,0.0,0.0032,
MAE,woodland,DGNet,k5-kfull,k5,kfull,-0.0039,26,33,0.0001205,-0.0055,-0.0022,
MAE,woodland,DGNet,k8-kfull,k8,kfull,-0.0023,22,33,0.009303,-0.0039,-0.0007,
MAE,woodland,DGNet,k16-kfull,k16,kfull,-0.003,24,33,0.0005145,-0.0046,-0.0014,
MAE,woodland,DGNet,k64-kfull,k64,kfull,-0.0002,19,33,0.5483,-0.0014,0.0012,
MAE,woodland,DGNet,k5-k8,k5,k8,-0.0015,29,33,1.041e-07,-0.0021,-0.0011,
MAE,woodland,DGNet,k5-k16,k5,k16,-0.0008,25,33,0.001025,-0.0013,-0.0004,
MAE,woodland,DGNet,k5-k64,k5,k64,-0.0037,31,33,1.164e-09,-0.0046,-0.0029,
MAE,woodland,DGNet,nonst_k5-nonst_kfull,nonst_k5,nonst_kfull,-0.0054,31,33,2.328e-09,-0.0067,-0.0041,
MAE,realtree,SINet-V2,level:k16,k16,,0.0207,,33,,,,
MAE,realtree,SINet-V2,level:k5,k5,,0.0204,,33,,,,
MAE,realtree,SINet-V2,level:k64,k64,,0.0228,,33,,,,
MAE,realtree,SINet-V2,level:k8,k8,,0.021,,33,,,,
MAE,realtree,SINet-V2,level:kfull,kfull,,0.0222,,33,,,,
MAE,realtree,SINet-V2,level:nonst_k5,nonst_k5,,0.0196,,33,,,,
MAE,realtree,SINet-V2,level:nonst_kfull,nonst_kfull,,0.0298,,33,,,,
MAE,realtree,SINet-V2,dq_nst-dq_nonst,k5-kfull,nonst_k5-nonst_kfull,0.0085,0,33,2.328e-10,0.0071,0.01,
MAE,realtree,SINet-V2,k5-kfull,k5,kfull,-0.0018,17,33,0.16,-0.004,0.0002,
MAE,realtree,SINet-V2,k8-kfull,k8,kfull,-0.0013,17,33,0.2641,-0.003,0.0004,
MAE,realtree,SINet-V2,k16-kfull,k16,kfull,-0.0015,21,33,0.08306,-0.003,0.0,
MAE,realtree,SINet-V2,k64-kfull,k64,kfull,0.0006,13,33,0.2011,-0.0005,0.0016,
MAE,realtree,SINet-V2,k5-k8,k5,k8,-0.0006,20,33,0.3128,-0.0015,0.0003,
MAE,realtree,SINet-V2,k5-k16,k5,k16,-0.0004,16,33,0.8187,-0.0016,0.0008,
MAE,realtree,SINet-V2,k5-k64,k5,k64,-0.0024,21,33,0.03701,-0.0044,-0.0005,
MAE,realtree,SINet-V2,nonst_k5-nonst_kfull,nonst_k5,nonst_kfull,-0.0103,31,33,3.26e-09,-0.0131,-0.0077,
MAE,realtree,DGNet,level:k16,k16,,0.0208,,33,,,,
MAE,realtree,DGNet,level:k5,k5,,0.0208,,33,,,,
MAE,realtree,DGNet,level:k64,k64,,0.0234,,33,,,,
MAE,realtree,DGNet,level:k8,k8,,0.021,,33,,,,
MAE,realtree,DGNet,level:kfull,kfull,,0.0204,,33,,,,
MAE,realtree,DGNet,level:nonst_k5,nonst_k5,,0.0262,,33,,,,
MAE,realtree,DGNet,level:nonst_kfull,nonst_kfull,,0.0282,,33,,,,
MAE,realtree,DGNet,dq_nst-dq_nonst,k5-kfull,nonst_k5-nonst_kfull,0.0025,9,33,0.003321,0.001,0.004,
MAE,realtree,DGNet,k5-kfull,k5,kfull,0.0005,17,33,0.8187,-0.0011,0.0021,
MAE,realtree,DGNet,k8-kfull,k8,kfull,0.0006,17,33,0.698,-0.0008,0.0022,
MAE,realtree,DGNet,k16-kfull,k16,kfull,0.0004,17,33,0.8462,-0.0009,0.0019,
MAE,realtree,DGNet,k64-kfull,k64,kfull,0.003,9,33,6.212e-05,0.0017,0.0043,
MAE,realtree,DGNet,k5-k8,k5,k8,-0.0001,17,33,0.5843,-0.0005,0.0003,
MAE,realtree,DGNet,k5-k16,k5,k16,0.0,15,33,0.7243,-0.0005,0.0006,
MAE,realtree,DGNet,k5-k64,k5,k64,-0.0025,28,33,7.481e-07,-0.0034,-0.0017,
MAE,realtree,DGNet,nonst_k5-nonst_kfull,nonst_k5,nonst_kfull,-0.002,21,33,0.08306,-0.0041,0.0,
